name,price,rate,category_name
A Light in the ...,51.77,Three,Poetry
Tipping the Velvet,53.74,One,Historical Fiction
Soumission,50.1,One,Fiction
Sharp Objects,47.82,Four,Mystery
Sapiens: A Brief History ...,54.23,Five,History
The Requiem Red,22.65,One,Young Adult
The Dirty Little Secrets ...,33.34,Four,Business
The Coming Woman: A ...,17.93,Three,Default
The Boys in the ...,22.6,Four,Default
The Black Maria,52.15,One,Poetry
Starving Hearts (Triangular Trade ...,13.99,Two,Default
Shakespeare's Sonnets,20.66,Four,Poetry
Set Me Free,17.46,Five,Young Adult
Scott Pilgrim's Precious Little ...,52.29,Five,Sequential Art
Rip it Up and ...,35.02,Five,Music
Our Band Could Be ...,57.25,Three,Music
Olio,23.88,One,Poetry
Mesaerion: The Best Science ...,37.59,One,Science Fiction
Libertarianism for Beginners,51.33,Two,Politics
It's Only the Himalayas,45.17,Two,Travel
In Her Wake,12.84,One,Thriller
How Music Works,37.32,Two,Music
Foolproof Preserving: A Guide ...,30.52,Three,Food and Drink
Chase Me (Paris Nights ...,25.27,Five,Romance
Black Dust,34.53,Five,Romance
Birdsong: A Story in ...,54.64,Three,Childrens
America's Cradle of Quarterbacks: ...,22.5,Three,Default
Aladdin and His Wonderful ...,53.13,Three,Default
Worlds Elsewhere: Journeys Around ...,40.3,Five,Nonfiction
Wall and Piece,44.18,Four,Art
The Four Agreements: A ...,17.66,Five,Spirituality
The Five Love Languages: ...,31.05,Three,Nonfiction
The Elephant Tree,23.82,Five,Thriller
The Bear and the ...,36.89,One,Childrens
Sophie's World,15.94,Five,Philosophy
Penny Maybe,33.29,Three,Default
Maude (1883-1993):She Grew Up ...,18.02,Two,Default
"In a Dark, Dark ...",19.63,One,Mystery
Behind Closed Doors,52.22,Four,Thriller
You can't bury them ...,33.63,Two,Poetry
Slow States of Collapse: ...,57.31,Three,Poetry
Reasons to Stay Alive,26.41,Two,Nonfiction
Private Paris (Private #10),47.61,Five,Fiction
#HigherSelfie: Wake Up Your ...,23.11,Five,Nonfiction
Without Borders (Wanderlove #1),45.07,Two,New Adult
When We Collided,31.77,One,Contemporary
"We Love You, Charlie ...",50.27,Five,Fiction
Untitled Collection: Sabbath Poems ...,14.27,Four,Poetry
Unseen City: The Majesty ...,44.18,Four,Nonfiction
Unicorn Tracks,18.78,Three,Fantasy
Unbound: How Eight Technologies ...,25.52,One,History
Tsubasa: WoRLD CHRoNiCLE 2 ...,16.28,One,Sequential Art
Throwing Rocks at the ...,31.12,Three,Nonfiction
This One Summer,19.49,Four,Sequential Art
Thirst,17.27,Five,Fiction
The Torch Is Passed: ...,19.09,One,Add a comment
The Secret of Dreadwillow ...,56.13,One,Childrens
The Pioneer Woman Cooks: ...,56.41,One,Food and Drink
The Past Never Ends,56.5,Four,Mystery
The Natural History of ...,45.22,Three,Young Adult
The Nameless City (The ...,38.16,Four,Sequential Art
The Murder That Never ...,54.11,Three,Fiction
The Most Perfect Thing: ...,42.96,Four,Science
The Mindfulness and Acceptance ...,23.89,Four,Add a comment
The Life-Changing Magic of ...,16.77,Three,Nonfiction
The Inefficiency Assassin: Time ...,20.59,Five,Default
The Gutsy Girl: Escapades ...,37.13,One,Nonfiction
The Electric Pencil: Drawings ...,56.06,One,Nonfiction
The Death of Humanity: ...,58.11,Four,Philosophy
The Bulletproof Diet: Lose ...,49.05,Three,Health
The Art Forger,40.76,Three,Add a comment
The Age of Genius: ...,19.73,One,History
The Activist's Tao Te ...,32.24,Five,Spirituality
Spark Joy: An Illustrated ...,41.83,Four,Nonfiction
Soul Reader,39.58,Two,Default
Security,39.25,Two,Horror
"Saga, Volume 6 (Saga ...",25.02,Three,Fantasy
"Saga, Volume 5 (Saga ...",51.04,Two,Sequential Art
Reskilling America: Learning to ...,19.83,Two,Nonfiction
"Rat Queens, Vol. 3: ...",50.4,Three,Sequential Art
"Princess Jellyfish 2-in-1 Omnibus, ...",13.61,Five,Sequential Art
Princess Between Worlds (Wide-Awake ...,13.34,Five,Fantasy
"Pop Gun War, Volume ...",18.97,One,Sequential Art
"Political Suicide: Missteps, Peccadilloes, ...",36.28,Two,History
Patience,10.16,Three,Sequential Art
"Outcast, Vol. 1: A ...",15.44,Four,Sequential Art
orange: The Complete Collection ...,48.41,One,Sequential Art
Online Marketing for Busy ...,46.35,One,Self Help
On a Midnight Clear,14.07,Three,Add a comment
Obsidian (Lux #1),14.86,Two,Young Adult
My Paris Kitchen: Recipes ...,33.37,Two,Food and Drink
Masks and Shadows,56.4,Two,Fantasy
Mama Tried: Traditional Italian ...,14.02,Four,Food and Drink
"Lumberjanes, Vol. 2: Friendship ...",46.91,Two,Sequential Art
"Lumberjanes, Vol. 1: Beware ...",45.61,Three,Sequential Art
Lumberjanes Vol. 3: A ...,19.92,Two,Sequential Art
"Layered: Baking, Building, and ...",40.11,One,Food and Drink
Judo: Seven Steps to ...,53.9,Two,Add a comment
Join,35.67,Five,Science Fiction
In the Country We ...,22.0,Four,Nonfiction
Immunity: How Elie Metchnikoff ...,57.36,Five,Science
"I Hate Fairyland, Vol. ...",29.17,Two,Sequential Art
I am a Hero ...,54.63,Three,Sequential Art
How to Be Miserable: ...,46.03,One,Self Help
Her Backup Boyfriend (The ...,33.97,One,Romance
"Giant Days, Vol. 2 ...",22.11,Two,Sequential Art
Forever and Forever: The ...,29.69,Three,Historical Fiction
First and First (Five ...,15.97,Four,Romance
Fifty Shades Darker (Fifty ...,21.96,One,Romance
Everydata: The Misinformation Hidden ...,54.35,Two,Nonfiction
Don't Be a Jerk: ...,37.97,Two,Religion
Danganronpa Volume 1,51.99,Four,Sequential Art
Crown of Midnight (Throne ...,43.29,Three,Fantasy
"Codename Baboushka, Volume 1: ...",36.72,Four,Sequential Art
Camp Midnight,17.08,Four,Sequential Art
Call the Nurse: True ...,29.14,Five,Nonfiction
Burning,28.81,Three,Young Adult
Bossypants,49.46,Two,Default
"Bitch Planet, Vol. 1: ...",37.92,Two,Sequential Art
Avatar: The Last Airbender: ...,28.09,Two,Fantasy
Algorithms to Live By: ...,30.81,One,Nonfiction
A World of Flavor: ...,42.95,One,Default
"A Piece of Sky, ...",56.76,Five,Default
A Murder in Time,16.64,One,Mystery
A Flight of Arrows ...,55.53,Five,Historical Fiction
A Fierce and Subtle ...,28.13,Four,Young Adult
A Court of Thorns ...,52.37,One,Fantasy
(Un)Qualified: How God Uses ...,54.0,Five,Christian
You Are What You ...,21.87,Four,Religion
William Shakespeare's Star Wars: ...,43.3,Four,Science Fiction
Tuesday Nights in 1980,21.04,Two,Fiction
Tracing Numbers on a ...,41.6,Three,Default
Throne of Glass (Throne ...,35.07,Three,Fantasy
Thomas Jefferson and the ...,59.64,One,History
Thirteen Reasons Why,52.72,One,Default
The White Cat and ...,58.08,Four,Childrens
The Wedding Dress,24.12,One,Romance
The Vacationers,42.15,Four,Fiction
The Third Wave: An ...,12.61,Five,Business
The Stranger,17.44,Four,Philosophy
The Shadow Hero (The ...,33.14,One,Sequential Art
The Secret (The Secret ...,27.37,Four,Default
The Regional Office Is ...,51.36,Five,Fiction
The Psychopath Test: A ...,36.0,Two,Default
The Project,10.65,One,Science Fiction
The Power of Now: ...,43.54,Two,Nonfiction
The Omnivore's Dilemma: A ...,38.21,Two,Nonfiction
The Nerdy Nummies Cookbook: ...,37.34,Five,Food and Drink
The Murder of Roger ...,44.1,Four,Mystery
The Mistake (Off-Campus #2),43.29,Three,New Adult
The Matchmaker's Playbook (Wingmen ...,55.85,One,New Adult
The Love and Lemons ...,37.6,Two,Food and Drink
The Long Shadow of ...,10.97,One,Crime
The Kite Runner,41.82,Four,Default
The House by the ...,36.95,One,Historical Fiction
The Glittering Court (The ...,44.28,One,Fantasy
The Girl on the ...,55.02,Two,Default
The Genius of Birds,17.24,One,Nonfiction
The Emerald Mystery,23.15,Two,Default
The Cookies & Cups ...,41.25,One,Food and Drink
The Bridge to Consciousness: ...,32.0,Three,Default
The Artist's Way: A ...,38.49,Five,Nonfiction
The Art of War,33.34,Five,Default
The Argonauts,10.93,Two,Autobiography
The 10% Entrepreneur: Live ...,27.55,Three,Business
Suddenly in Love (Lake ...,55.99,Two,Romance
Something More Than This,16.24,Four,Romance
Soft Apocalypse,26.12,Two,Science Fiction
So You've Been Publicly ...,12.23,Two,Nonfiction
Shoe Dog: A Memoir ...,23.99,Two,Business
"Shobu Samurai, Project Aryoku ...",29.06,Three,Add a comment
Secrets and Lace (Fatal ...,20.27,One,Default
Scarlett Epstein Hates It ...,43.55,Five,Young Adult
Romero and Juliet: A ...,36.94,One,Default
Redeeming Love,20.47,Five,Christian Fiction
Poses for Artists Volume ...,41.06,One,Default
Poems That Make Grown ...,14.19,Four,Poetry
"Nightingale, Sing",38.28,One,Young Adult
Night Sky with Exit ...,41.05,One,Poetry
Mrs. Houdini,30.25,Five,Historical Fiction
Modern Romance,28.26,Five,Add a comment
Miss Peregrine’s Home for ...,10.76,One,Default
Louisa: The Extraordinary Life ...,16.85,Two,Biography
Little Red,13.47,Three,Childrens
Library of Souls (Miss ...,48.56,Five,Young Adult
Large Print Heart of ...,19.15,Two,Default
I Had a Nice ...,57.36,Four,Womens Fiction
Hollow City (Miss Peregrine’s ...,42.98,One,Fantasy
Grumbles,22.16,Two,Default
Full Moon over Noah’s ...,49.43,Four,Travel
Frostbite (Vampire Academy #2),29.99,Five,Young Adult
Follow You Home,21.36,One,Horror
First Steps for New ...,29.0,One,Default
Finders Keepers (Bill Hodges ...,53.53,Five,Fiction
"Fables, Vol. 1: Legends ...",41.62,Four,Sequential Art
Eureka Trivia 6.0,54.59,Four,Default
Drive: The Surprising Truth ...,34.95,Four,Default
Done Rubbed Out (Reightman ...,37.72,Five,Default
Doing It Over (Most ...,35.61,Three,Romance
Deliciously Ella Every Day: ...,42.16,Three,Food and Drink
Dark Notes,19.19,Five,Erotica
Daring Greatly: How the ...,19.43,Three,Nonfiction
Close to You,49.46,Four,Christian Fiction
Chasing Heaven: What Dying ...,37.8,Two,Spirituality
Big Magic: Creative Living ...,30.8,Three,Nonfiction
Becoming Wise: An Inquiry ...,27.43,Two,Nonfiction
Beauty Restored (Riley Family ...,11.11,Two,Default
Batman: The Long Halloween ...,36.5,Two,Sequential Art
Batman: The Dark Knight ...,15.38,Five,Sequential Art
Ayumi's Violin,15.48,Two,Default
Anonymous,46.82,Four,Default
Amy Meets the Saints ...,18.46,Three,Default
Amid the Chaos,36.58,One,Cultural
Amatus,50.54,Five,Default
Agnostic: A Spirited Manifesto,12.51,Five,Nonfiction
Zealot: The Life and ...,24.7,Three,History
You (You #1),43.61,Five,Thriller
"Wonder Woman: Earth One, ...",37.34,Four,Sequential Art
Wild Swans,14.36,Two,Young Adult
Why the Right Went ...,52.65,Four,Politics
Whole Lotta Creativity Going ...,38.2,Four,Nonfiction
What's It Like in ...,19.6,Two,Nonfiction
"We Are Robin, Vol. ...",53.9,One,Sequential Art
Walt Disney's Alice in ...,12.96,Five,Childrens
V for Vendetta (V ...,37.1,Four,Default
Until Friday Night (The ...,46.31,Two,Young Adult
Unbroken: A World War ...,45.95,Two,Default
Twenty Yawns,22.08,Two,Childrens
Through the Woods,25.38,Two,Sequential Art
This Is Where It ...,27.12,Two,Young Adult
The Year of Magical ...,43.04,Two,Nonfiction
The Wright Brothers,56.8,Four,Default
The White Queen (The ...,25.91,Five,Add a comment
The Wedding Pact (The ...,32.61,Three,Romance
The Time Keeper,27.88,Five,Fiction
The Testament of Mary,52.67,Four,Fiction
The Star-Touched Queen,46.02,Five,Fantasy
The Songs of the ...,44.48,Five,Default
The Song of Achilles,37.4,Five,Add a comment
The Rosie Project (Don ...,54.04,One,Default
The Power of Habit: ...,16.88,Three,Default
The Marriage of Opposites,28.08,Four,Historical Fiction
The Lucifer Effect: Understanding ...,10.4,One,Psychology
The Long Haul (Diary ...,44.07,One,Humor
The Loney,23.4,One,Horror
The Literature Book (Big ...,17.43,Three,Nonfiction
The Last Mile (Amos ...,54.21,Two,Mystery
The Immortal Life of ...,40.67,Two,Add a comment
The Hidden Oracle (The ...,52.26,Two,Fantasy
The Help Yourself Cookbook ...,28.77,Three,Food and Drink
The Guilty (Will Robie ...,13.82,Two,Thriller
The First Hostage (J.B. ...,25.85,Three,Fiction
The Dovekeepers,48.78,One,Add a comment
The Darkest Lie,35.35,Five,Young Adult
The Bane Chronicles (The ...,44.73,Four,Fantasy
The Bad-Ass Librarians of ...,15.77,One,Nonfiction
The 14th Colony (Cotton ...,39.24,One,Thriller
That Darkness (Gardiner and ...,13.92,One,Mystery
Tastes Like Fear (DI ...,10.69,One,Mystery
Take Me with You,45.21,Three,Fiction
Swell: A Year of ...,45.58,One,Nonfiction
Superman Vol. 1: Before ...,11.89,Five,Sequential Art
Still Life with Bread ...,26.41,Three,Fiction
Steve Jobs,39.5,Five,Default
Sorting the Beef from ...,44.74,Four,Science
Someone Like You (The ...,52.79,Five,Contemporary
"So Cute It Hurts!!, ...",35.43,Four,Sequential Art
Shtum,55.84,Four,Fiction
See America: A Celebration ...,48.87,Three,Travel
salt.,46.78,Four,Poetry
Robin War,47.82,Three,Sequential Art
"Red Hood/Arsenal, Vol. 1: ...",25.48,Two,Sequential Art
Rain Fish,23.57,Three,Childrens
Quarter Life Poetry: Poems ...,50.89,Five,Poetry
Pet Sematary,10.56,Three,Horror
"Overload: How to Unplug, ...",52.15,Three,Self Help
Once Was a Time,18.28,Two,Childrens
Old School (Diary of ...,11.83,Five,Humor
No Dream Is Too ...,21.95,Two,Nonfiction
"Naruto (3-in-1 Edition), Vol. ...",38.39,Two,Sequential Art
My Name Is Lucy ...,41.56,One,Fiction
My Mrs. Brown,24.48,Three,Fiction
My Kind of Crazy,40.36,One,Young Adult
Mr. Mercedes (Bill Hodges ...,28.9,One,Fiction
More Than Music (Chasing ...,37.61,Two,Add a comment
Made to Stick: Why ...,38.85,Five,Business
Luis Paints the World,53.95,Three,Childrens
Luckiest Girl Alive,49.83,Three,Default
Lowriders to the Center ...,51.51,Two,Sequential Art
Love Is a Mix ...,18.03,One,Music
Looking for Lovely: Collecting ...,29.14,Five,Nonfiction
Living Leadership by Insight: ...,46.91,Four,Default
Let It Out: A ...,26.79,Five,Nonfiction
Lady Midnight (The Dark ...,16.28,Five,Default
"It's All Easy: Healthy, ...",19.55,One,Food and Drink
Island of Dragons (Unwanteds ...,29.65,One,Fantasy
I Know What I'm ...,25.98,Four,Humor
I Am Pilgrim (Pilgrim ...,10.6,Four,Fiction
Hyperbole and a Half: ...,14.75,Five,Humor
"Hush, Hush (Hush, Hush ...",47.02,Three,Default
Hold Your Breath (Search ...,28.82,One,Romance
Hamilton: The Revolution,58.79,Three,Nonfiction
Greek Mythic History,10.23,Five,Default
God: The Most Unpleasant ...,30.03,Five,Religion
Glory over Everything: Beyond ...,45.84,Three,Historical Fiction
Feathers: Displays of Brilliant ...,49.05,Three,Art
Far & Away: Places ...,15.06,Four,Nonfiction
Every Last Word,46.47,Three,Default
Eligible (The Austen Project ...,27.09,Three,Fiction
El Deafo,57.62,Five,Sequential Art
Eight Hundred Grapes,14.39,Four,Fiction
Eaternity: More than 150 ...,51.75,Five,Nonfiction
"Eat Fat, Get Thin",54.07,Two,Health
Don't Get Caught,55.35,One,Young Adult
Doctor Sleep (The Shining ...,40.12,Two,Horror
Demigods & Magicians: Percy ...,37.51,Five,Fantasy
Dear Mr. Knightley,11.21,Five,Fiction
Daily Fantasy Sports,36.58,One,Default
Crazy Love: Overwhelmed by ...,47.72,Two,Christian
Cometh the Hour (The ...,25.01,Three,Fiction
Code Name Verity (Code ...,22.13,Four,Add a comment
Clockwork Angel (The Infernal ...,44.14,One,Default
City of Glass (The ...,56.02,Four,Fantasy
City of Fallen Angels ...,11.23,Four,Default
City of Bones (The ...,43.28,One,Default
City of Ashes (The ...,47.27,One,Default
Cell,20.29,Four,Add a comment
Catching Jordan (Hundred Oaks),50.83,Three,Young Adult
"Carry On, Warrior: Thoughts ...",31.85,Three,Default
Carrie,46.23,Two,Default
Buying In: The Secret ...,37.8,Four,Nonfiction
Brain on Fire: My ...,49.32,Five,Nonfiction
Batman: Europa,32.01,Two,Sequential Art
Barefoot Contessa Back to ...,28.01,One,Food and Drink
Barefoot Contessa at Home: ...,50.62,Five,Food and Drink
Balloon Animals,17.03,Three,Fiction
Art Ops Vol. 1,48.8,Three,Sequential Art
Aristotle and Dante Discover ...,58.14,Four,Young Adult
Angels Walking (Angels Walking ...,34.2,Two,Add a comment
Angels & Demons (Robert ...,51.48,Three,Default
All the Light We ...,29.87,Five,Historical
Adulthood Is a Myth: ...,10.9,Two,Sequential Art
Abstract City,56.37,Five,Nonfiction
A Time of Torment ...,48.35,Five,Mystery
A Study in Scarlet ...,16.73,Two,Mystery
A Series of Catastrophes ...,56.48,Two,Add a comment
A People's History of ...,40.79,Two,Add a comment
A Man Called Ove,39.72,One,Fiction
A Distant Mirror: The ...,14.58,Three,History
A Brush of Wings ...,55.51,One,Add a comment
1491: New Revelations of ...,21.8,Three,History
"The Three Searches, Meaning, ...",13.33,Three,Default
Searching for Meaning in ...,38.73,One,Fantasy
Rook,37.86,Four,Add a comment
My Kitchen Year: 136 ...,11.53,Two,Food and Drink
13 Hours: The Inside ...,27.06,One,Nonfiction
Will You Won't You ...,13.86,Three,Womens Fiction
Tipping Point for Planet ...,37.55,One,Science
The Star-Touched Queen,32.3,Five,Fantasy
The Silent Sister (Riley ...,46.29,Five,Fiction
The Midnight Watch: A ...,26.2,One,Add a comment
The Lonely City: Adventures ...,33.26,Two,Nonfiction
The Gray Rhino: How ...,59.15,Four,Add a comment
The Golden Condom: And ...,39.43,One,Psychology
The Epidemic (The Program ...,14.44,Five,Young Adult
The Dinner Party,56.54,Two,Fiction
The Diary of a ...,59.9,Three,Nonfiction
The Children,11.88,Three,Add a comment
Stars Above (The Lunar ...,48.05,Two,Young Adult
Snatched: How A Drug ...,21.21,Three,Nonfiction
Raspberry Pi Electronics Projects ...,49.67,Four,Default
Quench Your Own Thirst: ...,43.14,One,Business
Psycho: Sanitarium (Psycho #1.5),36.97,Five,Horror
Poisonous (Max Revere Novels ...,26.8,Three,Mystery
One with You (Crossfire ...,15.71,Four,Add a comment
No Love Allowed (Dodge ...,54.65,Four,Young Adult
Murder at the 42nd ...,54.36,Four,Mystery
Most Wanted,35.28,Three,Mystery
"Love, Lies and Spies",20.55,Two,Historical Fiction
How to Speak Golf: ...,58.32,Five,Default
Hide Away (Eve Duncan ...,11.84,One,Mystery
Furiously Happy: A Funny ...,41.46,Four,Nonfiction
Everyday Italian: 125 Simple ...,20.1,Five,Food and Drink
Equal Is Unfair: America's ...,56.86,One,Politics
Eleanor & Park,56.51,Five,Default
Dirty (Dive Bar #1),40.83,Four,Romance
Can You Keep a ...,48.64,One,Horror
Boar Island (Anna Pigeon ...,59.48,Three,Mystery
A Paris Apartment,39.01,Four,Historical Fiction
A la Mode: 120 ...,38.77,One,Food and Drink
Troublemaker: Surviving Hollywood and ...,48.39,Two,Default
The Widow,27.26,Two,Mystery
The Sleep Revolution: Transforming ...,11.68,Four,Nonfiction
The Improbability of Love,59.45,One,Fiction
The Art of Startup ...,21.0,Three,Business
Take Me Home Tonight ...,53.98,Three,Romance
Sleeping Giants (Themis Files ...,48.74,One,Science Fiction
Setting the World on ...,21.15,Two,Biography
Playing with Fire,13.71,Three,Mystery
Off the Hook (Fishing ...,47.67,Three,Romance
Mothering Sunday,13.34,Two,Fiction
"Mother, Can You Not?",16.89,Five,Nonfiction
M Train,27.18,One,Autobiography
Lilac Girls,17.28,Two,Historical Fiction
Lies and Other Acts ...,45.14,One,Fiction
Lab Girl,40.85,One,Autobiography
Keep Me Posted,20.46,Four,Womens Fiction
It Didn't Start with ...,56.27,Three,Psychology
Grey (Fifty Shades #4),48.49,Four,Womens Fiction
"Exit, Pursued by a ...",51.34,Four,Young Adult
Daredevils,16.34,Three,Fiction
Cravings: Recipes for What ...,20.5,Three,Food and Drink
Born for This: How ...,21.59,Five,Business
Arena,21.36,Four,Science Fiction
Adultery,20.88,Five,Default
A Mother's Reckoning: Living ...,19.53,Three,Nonfiction
A Gentleman's Position (Society ...,14.75,Five,Romance
11/22/63,48.48,Three,Fiction
10% Happier: How I ...,24.57,Two,Nonfiction
10-Day Green Smoothie Cleanse: ...,49.71,Five,Health
Without Shame,48.27,Five,Add a comment
Watchmen,58.05,Four,Add a comment
Unlimited Intuition Now,58.87,Four,Default
Underlying Notes,11.82,Two,Default
The Shack,28.03,One,Fiction
The New Brand You: ...,44.05,Five,Default
The Moosewood Cookbook: Recipes ...,12.34,Four,Food and Drink
The Flowers Lied,16.68,Two,Default
The Fabric of the ...,55.91,One,Science
The Book of Mormon,24.57,Three,Religion
The Art and Science ...,52.98,Five,Health
The Alien Club,54.4,One,Young Adult
Suzie Snowflake: One beautiful ...,54.81,Five,Novels
Nap-a-Roo,25.08,One,Childrens
NaNo What Now? Finding ...,10.41,Four,Default
Modern Day Fables,47.44,Two,Default
If I Gave You ...,20.91,One,Spirituality
"Fruits Basket, Vol. 9 ...",33.95,Four,Sequential Art
Dress Your Family in ...,43.68,Three,Humor
Don't Forget Steven,33.23,One,Young Adult
Chernobyl 01:23:40: The Incredible ...,35.92,Two,Nonfiction
Art and Fear: Observations ...,48.63,Four,Art
A Shard of Ice ...,56.63,Three,Fantasy
A Hero's Curse (The ...,50.49,Three,Add a comment
23 Degrees South: A ...,35.79,Two,Add a comment
Zero to One: Notes ...,34.06,Three,Nonfiction
Why Not Me?,17.76,One,Nonfiction
When Breath Becomes Air,39.36,Two,Nonfiction
Vagabonding: An Uncommon Guide ...,36.94,Two,Travel
The Unlikely Pilgrimage of ...,43.62,Five,Default
The New Drawing on ...,43.02,Three,Art
"The Midnight Assassin: Panic, ...",28.45,Four,Nonfiction
The Martian (The Martian ...,41.39,Two,Default
The High Mountains of ...,51.15,One,Fiction
The Grownup,35.88,One,Short Stories
The E-Myth Revisited: Why ...,36.91,One,Business
South of Sunshine,28.93,One,Young Adult
Smarter Faster Better: The ...,38.89,Five,Nonfiction
Silence in the Dark ...,58.33,Three,Suspense
Shadows of the Past ...,39.67,Five,Christian Fiction
Roller Girl,14.1,Five,Sequential Art
Rising Strong,21.82,Three,Nonfiction
Proofs of God: Classical ...,54.21,One,Philosophy
Please Kill Me: The ...,31.19,Four,Music
Out of Print: City ...,53.64,Five,Poetry
My Life Next Door ...,36.39,Five,Young Adult
Miller's Valley,58.54,Two,Fiction
Man's Search for Meaning,29.48,Three,Nonfiction
Love That Boy: What ...,25.06,Two,Nonfiction
Living Forward: A Proven ...,12.55,Three,Nonfiction
Les Fleurs du Mal,29.04,Five,Poetry
Left Behind (Left Behind ...,40.72,Two,Default
Kill 'Em and Leave: ...,45.05,Five,Music
Kierkegaard: A Christian Missionary ...,47.13,One,Philosophy
John Vassos: Industrial Design ...,20.22,Four,Default
I'll Give You the ...,56.48,One,Default
I Will Find You,44.21,One,Nonfiction
Hystopia: A Novel,21.96,Four,Fiction
Howl and Other Poems,40.45,Two,Poetry
History of Beauty,10.29,Four,Art
Heaven is for Real: ...,52.86,Two,Default
Future Shock (Future Shock ...,55.65,Five,Young Adult
Ender's Game (The Ender ...,43.64,One,Default
Diary of a Citizen ...,28.41,One,Science
Death by Leisure: A ...,37.51,Four,Default
Brilliant Beacons: A History ...,11.45,Three,History
Brazen: The Courage to ...,19.22,Two,Nonfiction
Between the World and ...,56.91,Four,Nonfiction
Being Mortal: Medicine and ...,55.06,Four,Nonfiction
A Murder Over a ...,13.2,Three,Nonfiction
32 Yolks,53.63,Two,Food and Drink
"""Most Blessed of the ...",44.48,Five,History
You Are a Badass: ...,12.08,Three,Self Help
Wildlife of New York: ...,22.14,Two,Default
What Happened on Beale ...,25.37,Five,Mystery
Unreasonable Hope: Finding Faith ...,46.33,Two,Spirituality
Under the Tuscan Sun,37.33,Three,Travel
Toddlers Are A**holes: It's ...,25.55,One,Humor
The Year of Living ...,34.72,One,Default
The Whale,35.96,Four,Childrens
The Story of Art,41.14,Four,Art
The Origin of Species,10.01,Four,Science
The Great Gatsby,36.05,Four,Default
The Good Girl,49.03,Three,Default
The Glass Castle,16.24,One,Add a comment
The Faith of Christopher ...,39.55,One,Biography
The Drowning Girls,35.67,Three,Add a comment
The Constant Princess (The ...,16.62,Three,Historical Fiction
The Bourne Identity (Jason ...,42.78,Four,Fiction
The Bachelor Girl's Guide ...,52.3,Five,Mystery
The Art Book,32.34,Two,Art
The 7 Habits of ...,33.17,Four,Default
Team of Rivals: The ...,20.12,Five,Add a comment
Steal Like an Artist: ...,20.9,Two,Default
"Sit, Stay, Love",20.9,Three,Romance
Sister Dear,40.2,Four,Fiction
"Shrunken Treasures: Literary Classics, ...",52.87,Three,Childrens
"Rich Dad, Poor Dad",51.74,One,Business
Raymie Nightingale,34.41,Two,Childrens
Playing from the Heart,32.38,One,Childrens
Nightstruck: A Novel,50.35,Four,Young Adult
Naturally Lean: 125 Nourishing ...,11.38,Five,Food and Drink
Meternity,43.58,Three,Womens Fiction
Memoirs of a Geisha,49.67,Three,Fiction
Like Never Before (Walker ...,28.77,Two,Christian Fiction
Life of Pi,13.22,Four,Default
Leave This Song Behind: ...,51.17,Five,Poetry
King's Folly (The Kinsman ...,39.61,Five,Fantasy
John Adams,57.43,Four,Add a comment
How to Cook Everything ...,46.01,Four,Food and Drink
How to Be a ...,28.25,Two,Food and Drink
Good in Bed (Cannie ...,37.05,Five,Add a comment
"Fruits Basket, Vol. 7 ...",19.57,One,Sequential Art
For the Love: Fighting ...,45.13,Three,Nonfiction
Finding God in the ...,46.64,Two,Nonfiction
Every Heart a Doorway ...,12.16,Five,Fantasy
Delivering the Truth (Quaker ...,20.89,Four,Mystery
Counted With the Stars ...,17.97,Five,Christian Fiction
"Chronicles, Vol. 1",52.6,Two,Music
Blue Like Jazz: Nonreligious ...,25.77,One,Christian
Benjamin Franklin: An American ...,48.19,Three,Biography
At The Existentialist Café: ...,29.93,Five,Philosophy
A Summer In Europe,44.34,Two,Travel
A Short History of ...,52.4,Five,History
A Gathering of Shadows ...,44.81,Four,Fantasy
The Sound Of Love,57.84,Five,Default
The Rise and Fall ...,39.67,Two,History
The Perks of Being ...,55.02,Three,Default
The Mysterious Affair at ...,24.8,Four,Mystery
The Man Who Mistook ...,59.45,Four,Nonfiction
The Makings of a ...,31.58,Two,Default
The Joy of Cooking,43.27,Four,Add a comment
The Invention of Wings,37.34,One,Historical Fiction
The Hobbit (Middle-Earth Universe),17.8,Five,Default
The Great Railway Bazaar,30.54,One,Travel
The Golden Compass (His ...,18.77,One,Add a comment
The God Delusion,46.85,Three,Add a comment
The Girl You Left ...,15.79,One,Historical
The Fellowship of the ...,10.27,Two,Default
The Collected Poems of ...,15.42,Five,Poetry
The Barefoot Contessa Cookbook,59.92,Five,Food and Drink
Tell the Wolves I'm ...,50.96,Two,Young Adult
Ship Leaves Harbor: Essays ...,30.6,Three,Default
Pride and Prejudice,19.27,Four,Add a comment
Musicophilia: Tales of Music ...,46.58,One,Default
Mere Christianity,48.51,Three,Add a comment
Me Before You (Me ...,19.02,One,Fiction
In the Woods (Dublin ...,38.38,Two,Mystery
In Cold Blood,49.98,Four,Nonfiction
How to Stop Worrying ...,46.49,Five,Self Help
Give It Back,18.32,Two,Thriller
"Girl, Interrupted",42.14,Three,Nonfiction
Fun Home: A Family ...,56.59,Four,Add a comment
"Fruits Basket, Vol. 6 ...",20.96,Four,Sequential Art
Deception Point,40.32,Four,Fiction
"Death Note, Vol. 6: ...",36.39,Three,Sequential Art
Catherine the Great: Portrait ...,58.55,Four,History
Better Homes and Gardens ...,39.61,Three,Food and Drink
An Unquiet Mind: A ...,21.3,Three,Psychology
A Year in Provence ...,56.88,Four,Travel
World Without End (The ...,32.97,Four,Historical Fiction
"Will Grayson, Will Grayson ...",47.31,Four,Young Adult
Why Save the Bankers?: ...,48.67,Two,Nonfiction
Where She Went (If ...,41.73,Four,Young Adult
What If?: Serious Scientific ...,53.68,Four,Default
Two Summers,14.64,One,Young Adult
This Is Your Brain ...,38.4,One,Music
The Secret Garden,15.08,Four,Classics
The Raven King (The ...,30.57,Two,Add a comment
The Raven Boys (The ...,57.74,Four,Fantasy
The Power Greens Cookbook: ...,11.05,Five,Food and Drink
The Metamorphosis,28.58,One,Classics
The Mathews Men: Seven ...,42.91,Five,History
The Little Paris Bookshop,24.73,Three,Fiction
The Hiding Place,55.91,Four,History
The Grand Design,13.76,Three,Science
The Firm,45.56,Three,Fiction
The Fault in Our ...,47.22,One,Default
The False Prince (The ...,56.0,Five,Fantasy
The Expatriates,44.58,Two,Fiction
The Dream Thieves (The ...,34.5,One,Default
The Darkest Corners,11.33,Five,Young Adult
The Crossover,38.77,Four,Poetry
The 5th Wave (The ...,11.83,Two,Default
Tell the Wind and ...,45.51,Three,Fantasy
Tell Me Three Things,41.81,One,Young Adult
Talking to Girls About ...,25.15,Four,Nonfiction
Siddhartha,34.22,Five,Fiction
Shiver (The Wolves of ...,16.23,Five,Default
Remember Me?,11.48,Three,Default
Red Dragon (Hannibal Lecter ...,23.37,Three,Horror
Peak: Secrets from the ...,16.28,Two,Science
My Mother Was Nuts,31.63,Four,Nonfiction
Mexican Today: New and ...,24.91,Five,Food and Drink
Maybe Something Beautiful: How ...,22.54,One,Childrens
Lola and the Boy ...,23.63,Four,Young Adult
Logan Kade (Fallen Crest ...,13.12,Two,Academic
Last One Home (New ...,59.98,Three,Fiction
Killing Floor (Jack Reacher ...,31.49,Four,Thriller
Kill the Boy Band,15.52,Five,Young Adult
Isla and the Happily ...,48.13,Five,Young Adult
If I Stay (If ...,38.13,Five,Default
I Know Why the ...,36.55,Two,Default
Harry Potter and the ...,23.32,One,Default
"Fruits Basket, Vol. 5 ...",16.33,One,Sequential Art
Foundation (Foundation (Publication Order) ...,32.42,One,Science Fiction
Fool Me Once,16.96,One,Default
Find Her (Detective D.D. ...,22.37,One,Add a comment
Evicted: Poverty and Profit ...,42.27,One,Add a comment
Drama,38.7,Two,Default
Dracula the Un-Dead,35.63,Five,Horror
Digital Fortress,58.0,Five,Fiction
"Death Note, Vol. 5: ...",52.41,One,Sequential Art
"Data, A Love Story: ...",32.35,Three,Nonfiction
Critique of Pure Reason,20.75,One,Philosophy
Booked,17.49,Five,Poetry
"Blue Lily, Lily Blue ...",34.13,Five,Default
Approval Junkie: Adventures in ...,58.81,Five,Autobiography
An Abundance of Katherines,10.0,Five,Young Adult
America's War for the ...,51.22,Two,History
Alight (The Generations Trilogy ...,58.59,Four,Default
A Girl's Guide to ...,31.3,One,Romance
A Game of Thrones ...,46.42,Two,Add a comment
A Feast for Crows ...,17.21,Four,Fantasy
A Clash of Kings ...,10.79,Three,Add a comment
Vogue Colors A to ...,52.35,Four,Default
The Shining (The Shining ...,27.88,Three,Default
The Pilgrim's Progress,50.26,Two,Classics
The Perfect Play (Play ...,59.99,Three,Romance
The Passion of Dolssa,28.32,Five,Historical Fiction
The Jazz of Physics: ...,38.71,Three,Nonfiction
The Hunger Games (The ...,29.85,Five,Default
The Hound of the ...,14.82,Two,Classics
The Gunning of America: ...,16.81,Four,Nonfiction
The Geography of Bliss: ...,28.23,Two,Nonfiction
The Demonists (Demonist #1),52.11,Two,Fantasy
The Demon Prince of ...,27.88,Two,Sequential Art
The Bone Hunters (Lexy ...,59.71,Three,Thriller
The Beast (Black Dagger ...,46.08,Five,Fantasy
Some Women,13.73,Five,Womens Fiction
Shopaholic Ties the Knot ...,48.39,Five,Womens Fiction
Paper and Fire (The ...,49.45,Five,Fantasy
Outlander (Outlander #1),19.67,Five,Default
Orchestra of Exiles: The ...,12.36,Three,Music
No One Here Gets ...,20.02,Five,Music
Night Shift (Night Shift ...,12.75,Four,Horror
Needful Things,47.51,Four,Horror
Mockingjay (The Hunger Games ...,20.44,Four,Default
Misery,34.79,Two,Horror
Little Women (Little Women ...,28.07,Four,Classics
It,25.01,Three,Horror
Harry Potter and the ...,13.9,Three,Default
Harry Potter and the ...,24.17,Four,Young Adult
Harry Potter and the ...,31.63,Four,Fantasy
Harry Potter and the ...,48.75,Five,Fantasy
Harry Potter and the ...,14.74,One,Fantasy
Gone with the Wind,32.49,Three,Classics
God Is Not Great: ...,27.8,One,Nonfiction
Girl With a Pearl ...,26.77,One,Historical Fiction
"Fruits Basket, Vol. 4 ...",50.44,Four,Sequential Art
Far From True (Promise ...,34.93,Two,Thriller
Dark Lover (Black Dagger ...,12.87,One,Romance
Confessions of a Shopaholic ...,48.94,Two,Default
Changing the Game (Play ...,13.38,Three,Romance
Candide,58.63,Three,Classics
Can You Keep a ...,21.94,One,Womens Fiction
Atlas Shrugged,26.58,Five,Fiction
Animal Farm,57.22,Three,Classics
A Walk to Remember,56.43,One,Romance
A New Earth: Awakening ...,55.65,Five,Spirituality
A History of God: ...,27.62,One,Religion
'Salem's Lot,49.56,Four,Horror
Zero History (Blue Ant ...,34.77,One,Default
Wuthering Heights,17.73,Three,Classics
World War Z: An ...,21.8,One,Default
Wild: From Lost to ...,46.02,Three,Default
"Where'd You Go, Bernadette",18.13,One,Default
When You Are Engulfed ...,30.89,Five,Humor
We the People: The ...,31.95,Three,Nonfiction
We Are All Completely ...,24.04,One,Contemporary
Walk the Edge (Thunder ...,32.36,Three,Young Adult
Voyager (Outlander #3),21.07,Five,Historical Fiction
Very Good Lives: The ...,50.66,Three,Nonfiction
Vegan Vegetarian Omnivore: Dinner ...,13.66,Two,Food and Drink
"Unstuffed: Decluttering Your Home, ...",58.09,One,Nonfiction
Under the Banner of ...,30.0,One,Nonfiction
Two Boys Kissing,32.74,Two,Young Adult
Twilight (Twilight #1),41.93,Two,Default
Twenties Girl,42.8,Two,Womens Fiction
Trespassing Across America: One ...,53.51,One,Nonfiction
Three-Martini Lunch,23.21,Three,Fiction
"Thinking, Fast and Slow",21.14,One,Psychology
The Wild Robot,56.07,Three,Childrens
The Wicked + The ...,14.41,Three,Sequential Art
The Undomestic Goddess,45.75,Four,Womens Fiction
The Travelers,15.77,One,Thriller
The Tipping Point: How ...,10.02,Two,Add a comment
The Thing About Jellyfish,48.77,One,Childrens
The Stand,57.86,Two,Horror
The Smitten Kitchen Cookbook,23.59,One,Food and Drink
The Silkworm (Cormoran Strike ...,23.05,Five,Mystery
"The Sandman, Vol. 3: ...",55.55,Five,Sequential Art
The Rose & the ...,58.64,Four,Fantasy
The Road to Little ...,23.21,One,Travel
The Rise of Theodore ...,42.57,Three,Biography
The Restaurant at the ...,10.92,One,Science Fiction
The Rest Is Noise: ...,34.77,One,Add a comment
The Red Tent,35.66,Five,Historical Fiction
The Purpose Driven Life: ...,37.19,Three,Add a comment
The Purest Hook (Second ...,12.25,One,Romance
The Picture of Dorian ...,29.7,Two,Classics
The Paris Wife,36.8,Three,Default
The Obsession,45.43,One,Romance
The Nightingale,26.26,Four,Fiction
The New Guy (and ...,44.92,Three,Young Adult
The Nanny Diaries (Nanny ...,52.53,Five,Womens Fiction
The Name of God ...,37.25,Two,Nonfiction
The Maze Runner (The ...,20.93,One,Default
The Lover's Dictionary,58.09,Two,Default
The Lonely Ones,43.59,Five,Childrens
The Lean Startup: How ...,33.92,Three,Business
The Last Painting of ...,55.55,Two,Historical Fiction
"The Land of 10,000 ...",29.64,Four,Young Adult
The Infinities,27.41,One,Fiction
The Husband's Secret,52.51,Five,Fiction
The Hitchhiker's Guide to ...,47.8,Three,Add a comment
The Guns of August,14.54,Two,History
The Guernsey Literary and ...,49.53,One,Historical Fiction
The Goldfinch,43.58,Three,Default
The Giver (The Giver ...,12.3,One,Default
The Girl with All ...,49.47,Three,Horror
The Girl Who Played ...,22.14,Two,Default
The Girl Who Kicked ...,57.48,One,Add a comment
The Exiled,43.45,Three,Mystery
The End of Faith: ...,22.13,Four,Add a comment
"The Elegant Universe: Superstrings, ...",13.03,Four,Science
The Disappearing Spoon: And ...,57.35,Five,Science
The Devil Wears Prada ...,44.29,One,Womens Fiction
The Demon-Haunted World: Science ...,52.25,Four,Default
The Day the Crayons ...,26.33,Five,Childrens
The Da Vinci Code ...,22.96,Two,Fiction
The Cuckoo's Calling (Cormoran ...,19.21,One,Mystery
The Complete Stories and ...,26.78,Four,Classics
The Complete Poems,41.32,Five,Add a comment
The Catcher in the ...,24.55,One,Add a comment
The Cat in the ...,16.26,Two,Childrens
The Case for Christ ...,47.84,One,Add a comment
The Book Thief,53.49,Two,Default
The Book of Basketball: ...,44.84,Five,Sports and Games
The Blind Side: Evolution ...,53.71,Five,Add a comment
The Autobiography of Malcolm ...,23.43,Two,Default
The Art of Simple ...,34.32,Three,Food and Drink
The Art of Fielding,22.1,One,Fiction
"Surely You're Joking, Mr. ...",25.83,Two,Science
Stiff: The Curious Lives ...,36.74,Three,Nonfiction
Spilled Milk: Based on ...,49.51,One,Nonfiction
Something Borrowed (Darcy & ...,48.96,Five,Womens Fiction
Something Blue (Darcy & ...,54.62,One,Womens Fiction
Soldier (Talon #3),24.72,Two,Fantasy
Shopaholic & Baby (Shopaholic ...,46.45,Two,Default
Seven Days in the ...,52.33,Two,Add a comment
Seven Brief Lessons on ...,30.6,Four,Science
Scarlet (The Lunar Chronicles ...,14.57,Four,Young Adult
Sarah's Key,46.29,One,Add a comment
"Saga, Volume 3 (Saga ...",21.57,Five,Sequential Art
Running with Scissors,12.91,Four,Autobiography
Rogue Lawyer (Rogue Lawyer ...,50.11,Three,Add a comment
Rise of the Rocket ...,41.67,Four,Nonfiction
Rework,44.88,Two,Business
Reservations for Two,11.1,Three,Romance
Red: The True Story ...,28.54,Three,Childrens
Ready Player One,19.07,Four,Science Fiction
Quiet: The Power of ...,43.55,One,Default
Prodigy: The Graphic Novel ...,43.63,Three,Sequential Art
Persepolis: The Story of ...,39.13,One,Sequential Art
Packing for Mars: The ...,56.68,Two,Default
Outliers: The Story of ...,14.16,One,Nonfiction
Original Fake,31.45,Three,Sequential Art
Orange Is the New ...,24.61,Two,Default
One for the Money ...,32.87,Two,Default
Notes from a Small ...,40.17,One,Nonfiction
Night (The Night Trilogy ...,13.51,One,Nonfiction
Neither Here nor There: ...,38.95,Three,Travel
Naked,31.69,Three,Humor
Morning Star (Red Rising ...,29.4,One,Default
Miracles from Heaven: A ...,57.83,One,Nonfiction
Midnight Riot (Peter Grant/ ...,55.46,Two,Fantasy
Me Talk Pretty One ...,57.6,Two,Autobiography
Manuscript Found in Accra,34.98,Two,Add a comment
Lust & Wonder,11.87,Two,Autobiography
Lila (Gilead #3),12.47,Three,Fiction
"Life, the Universe and ...",33.26,Two,Science Fiction
Life Without a Recipe,59.04,Five,Autobiography
Life After Life,26.13,Two,Default
Letter to a Christian ...,22.2,One,Nonfiction
Let's Pretend This Never ...,45.11,One,Nonfiction
Legend (Legend #1),43.69,Four,Young Adult
"Lean In: Women, Work, ...",25.02,One,Default
Lamb: The Gospel According ...,55.5,Five,Humor
Lady Renegades (Rebel Belle ...,53.04,Five,Young Adult
Jurassic Park (Jurassic Park ...,44.97,One,Fiction
It's Never Too Late ...,42.38,One,Nonfiction
Is Everyone Hanging Out ...,20.11,Three,Default
Into the Wild,56.7,Five,Nonfiction
Inferno (Robert Langdon #4),41.0,Five,Fiction
In the Garden of ...,28.85,Three,Nonfiction
If I Run (If ...,49.97,Four,Christian Fiction
I've Got Your Number,19.69,One,Womens Fiction
I Am Malala: The ...,28.88,Two,Nonfiction
Hungry Girl Clean & ...,33.14,Three,Food and Drink
House of Lost Worlds: ...,43.7,Two,History
House of Leaves,54.89,One,Horror
Horrible Bear!,37.52,Two,Childrens
Holidays on Ice,51.07,Two,Humor
Heir to the Sky,44.07,Four,Fantasy
Green Eggs and Ham ...,10.79,Four,Childrens
"Grayson, Vol 3: Nemesis ...",42.72,One,Sequential Art
Gratitude,26.66,Five,Nonfiction
Gone Girl,37.6,Five,Default
Golden (Heart of Dread ...,42.21,Four,Young Adult
Girl in the Blue ...,46.83,Two,Historical Fiction
"Fruits Basket, Vol. 3 ...",45.17,Two,Sequential Art
Friday Night Lights: A ...,51.22,Three,Sports and Games
Fire Bound (Sea Haven/Sisters ...,21.28,Four,Add a comment
Fifty Shades Freed (Fifty ...,15.36,Five,Adult Fiction
Fellside,38.62,One,Default
Extreme Prey (Lucas Davenport ...,25.4,Three,Mystery
Eragon (The Inheritance Cycle ...,43.87,Three,Fantasy
Eclipse (Twilight #3),18.74,One,Default
Dune (Dune #1),54.86,One,Science Fiction
Dracula,52.62,Three,Default
Do Androids Dream of ...,51.48,One,Science Fiction
Disrupted: My Misadventure in ...,15.28,Five,Nonfiction
Dead Wake: The Last ...,39.24,Five,Default
"David and Goliath: Underdogs, ...",17.81,One,Default
Darkfever (Fever #1),56.02,One,Fantasy
Dark Places,23.9,Five,Default
Crazy Rich Asians (Crazy ...,49.13,Five,Fiction
Counting Thyme,10.62,One,Childrens
Cosmos,36.17,Two,Add a comment
Civilization and Its Discontents,59.95,Two,Psychology
Cinder (The Lunar Chronicles ...,26.09,One,Young Adult
Catastrophic Happiness: Finding Joy ...,37.35,Two,Parenting
Career of Evil (Cormoran ...,24.72,Two,Mystery
Breaking Dawn (Twilight #4),35.28,Five,Default
Brave Enough,51.32,Five,Nonfiction
Boy Meets Boy,21.12,Three,Young Adult
Born to Run: A ...,27.35,Two,Nonfiction
Blink: The Power of ...,21.74,Five,Nonfiction
Black Flags: The Rise ...,40.87,One,Nonfiction
"Black Butler, Vol. 1 ...",49.31,One,Sequential Art
Big Little Lies,22.11,One,Fiction
Between Shades of Gray,20.79,Five,Historical Fiction
Best of My Love ...,27.41,Two,Romance
Beowulf,38.35,Two,Classics
Beautiful Creatures (Caster Chronicles ...,21.55,Five,Default
Awkward,38.02,Two,Sequential Art
Ash,22.06,Four,Fantasy
Are We There Yet?,10.66,Three,Childrens
Are We Smart Enough ...,56.58,One,Nonfiction
Annie on My Mind,36.83,Five,Young Adult
And Then There Were ...,35.01,Two,Classics
A Walk in the ...,30.48,Four,Nonfiction
A Visit from the ...,14.08,Five,Default
A Storm of Swords ...,31.22,Two,Fantasy
A Heartbreaking Work of ...,54.29,Five,Autobiography
8 Keys to Mental ...,31.04,One,Psychology
#GIRLBOSS,50.96,One,Add a comment
The Suffragettes (Little Black ...,11.89,Two,Nonfiction
The Sense of an ...,31.38,Three,Add a comment
"The Sandman, Vol. 2: ...",54.81,One,Sequential Art
The Course of Love,16.78,Three,Fiction
Sugar Rush (Offensive Line ...,24.42,One,Sports and Games
"Saga, Volume 2 (Saga ...",11.75,Three,Sequential Art
"Run, Spot, Run: The ...",20.02,One,Philosophy
New Moon (Twilight #2),12.86,Four,Young Adult
Life,31.58,Five,Music
Kindle Paperwhite User's Guide,34.0,Three,Nonfiction
H is for Hawk,57.42,Five,Nonfiction
Girl Online On Tour ...,53.47,One,Young Adult
"Fruits Basket, Vol. 2 ...",11.64,Five,Sequential Art
Diary of a Minecraft ...,52.88,Four,Childrens
"Y: The Last Man, ...",18.51,Four,Sequential Art
While You Were Mine,41.32,Five,Historical Fiction
Where Lightning Strikes (Bleeding ...,39.77,Three,Romance
When I'm Gone,51.96,Three,Fiction
Ways of Seeing,39.51,Five,Art
"Vampire Knight, Vol. 1 ...",15.4,One,Paranormal
Vampire Girl (Vampire Girl ...,53.82,Two,Fantasy
Twenty Love Poems and ...,30.95,Four,Poetry
Travels with Charley: In ...,57.82,Five,Nonfiction
Three Wishes (River of ...,44.18,Two,Science Fiction
This One Moment (Pushing ...,48.71,One,Romance
The Zombie Room,19.69,Five,Default
The Wicked + The ...,36.52,Two,Sequential Art
The Tumor,41.56,Five,Nonfiction
The Story of Hong ...,43.19,Four,Classics
The Silent Wife,12.34,Five,Fiction
The Silent Twin (Detective ...,36.25,Three,Fantasy
The Selfish Gene,29.45,One,Science
The Secret Healer,34.56,Three,Historical Fiction
"The Sandman, Vol. 1: ...",54.12,Three,Sequential Art
The Republic,33.78,Three,Add a comment
The Odyssey,29.64,Three,Add a comment
The No. 1 Ladies' ...,57.7,Four,Mystery
The Nicomachean Ethics,36.34,One,Philosophy
The Name of the ...,50.59,Three,Default
The Mirror & the ...,29.38,One,Fantasy
The Little Prince,45.42,Two,Classics
The Light of the ...,54.43,One,Add a comment
The Last Girl (The ...,36.26,Two,Science Fiction
The Iliad,16.16,One,Add a comment
The Hook Up (Game ...,36.29,Five,New Adult
The Haters,27.89,Five,Young Adult
The Girl You Lost,12.29,Five,Mystery
The Girl In The ...,15.85,Three,Mystery
The End of the ...,14.4,One,Nonfiction
The Edge of Reason ...,19.18,Four,Womens Fiction
The Complete Maus (Maus ...,10.64,Three,Sequential Art
The Communist Manifesto,14.76,Three,Add a comment
The Bhagavad Gita,57.49,Three,Religion
The Bette Davis Club,30.66,Three,Fiction
The Art of Not ...,40.83,Four,Young Adult
Taking Shots (Assassins #1),18.88,Two,Default
Starlark,25.83,Three,Historical Fiction
"Skip Beat!, Vol. 01 ...",42.12,Three,Sequential Art
Sister Sable (The Mad ...,13.33,Three,Fantasy
Shatter Me (Shatter Me ...,42.4,One,Default
Shameless,58.35,Three,New Adult
Shadow Rites (Jane Yellowrock ...,21.72,Four,Fantasy
Settling the Score (The ...,44.91,Two,Sports and Games
Sense and Sensibility,37.46,One,Classics
"Saga, Volume 1 (Saga ...",28.48,One,Sequential Art
"Rhythm, Chord & Malykhin",28.34,Two,Romance
"Rat Queens, Vol. 1: ...",46.96,Five,Sequential Art
Paradise Lost (Paradise #1),24.96,One,Default
"Paper Girls, Vol. 1 ...",21.71,Four,Sequential Art
Ouran High School Host ...,29.87,Three,Sequential Art
Origins (Alphas 0.5),28.99,One,Fantasy
One Second (Seven #7),52.94,Two,Fantasy
On the Road (Duluoz ...,32.36,Three,Default
Old Records Never Die: ...,55.66,Two,Music
Off Sides (Off #1),39.45,Five,New Adult
Of Mice and Men,47.11,Two,Classics
Myriad (Prentor #1),58.75,Four,Fantasy
My Perfect Mistake (Over ...,38.92,Two,Romance
"Ms. Marvel, Vol. 1: ...",39.39,Four,Sequential Art
Meditations,25.89,Two,Philosophy
Matilda,28.34,One,Childrens
Lost Among the Living,27.7,Four,Historical Fiction
Lord of the Flies,24.89,Three,Add a comment
Listen to Me (Fusion ...,58.99,Three,Romance
Kitchens of the Great ...,57.2,Five,Fiction
Jane Eyre,38.43,Five,Default
Imperfect Harmony,34.74,Four,Romance
Icing (Aces Hockey #2),40.44,Four,Sports and Games
"Hawkeye, Vol. 1: My ...",45.24,Three,Sequential Art
Having the Barbarian's Baby ...,34.96,Four,Science Fiction
"Giant Days, Vol. 1 ...",56.76,Four,Sequential Art
"Fruits Basket, Vol. 1 ...",40.28,Five,Sequential Art
Frankenstein,38.0,Two,Default
Forever Rockers (The Rocker ...,28.8,Three,Music
Fighting Fate (Fighting #6),39.24,Three,Romance
Emma,32.93,Two,Classics
"Eat, Pray, Love",51.32,Three,Nonfiction
Deep Under (Walker Security ...,47.09,Five,Romance
Choosing Our Religion: The ...,28.42,Four,Religion
Charlie and the Chocolate ...,22.85,Three,Childrens
Charity's Cross (Charles Towne ...,41.24,One,Romance
Bright Lines,39.07,Five,Fiction
Bridget Jones's Diary (Bridget ...,29.82,One,Womens Fiction
Bounty (Colorado Mountain #7),37.26,Four,Romance
Blood Defense (Samantha Brinkman ...,20.3,Three,Mystery
"Bleach, Vol. 1: Strawberry ...",34.65,Five,Sequential Art
Beyond Good and Evil,43.38,One,Philosophy
Alice in Wonderland (Alice's ...,55.53,One,Classics
"Ajin: Demi-Human, Volume 1 ...",57.06,Four,Sequential Art
A Spy's Devotion (The ...,16.97,Five,Historical Fiction
1st to Die (Women's ...,53.98,One,Mystery
"1,000 Places to See ...",26.08,Five,Travel
